ID,USERNAME,FIRSTNAME,LASTNAME,EMAIL,PASSWORD,PHONE,USERSTATUS
15,Raine,Aubine,Conklin,aconklin0@virginia.edu,xbOZgSV7Xtox,502-516-9358,0
20,Julianna,Doralynne,Guilfoyle,dguilfoyle1@disqus.com,4TwmiMY3S,163-492-4833,0
10,Aurore,Zaria,Moverley,zmoverley2@ted.com,mKoWRT,102-437-6187,1
89,Nicki,Darbie,McDavid,dmcdavid3@google.es,EYmX3Cg17zl,775-810-5499,1
10,Desmund,Jaymee,Janus,jjanus4@noaa.gov,KjfyD4AAue,221-136-4622,1
45,Tallia,Ethyl,Dimitriades,edimitriades5@aboutads.info,Um8JIJORMo,546-721-3509,0
45,Kalvin,Revkah,Moggle,rmoggle6@smh.com.au,1ktJUxLqFA,222-801-5049,0
12,Nonah,Erin,Fyrth,efyrth7@si.edu,Mx2Rihb,673-832-9412,0
56,Jerrold,Annie,Avesque,aavesque8@toplist.cz,mGjA2ZplW2dD,679-344-3664,0
20,Lorelle,Emmalynn,Barus,ebarus9@symantec.com,8q4M4rJCoHQ,212-573-6862,1
20,Paul,Collete,Di Baudi,cdibaudia@latimes.com,5W9u9DXLhcJ,807-944-6169,1
56,Ashien,Grazia,Christofe,gchristofeb@about.com,pV0YfK,687-753-4268,0
45,Angelo,Micky,Sunter,msunterc@mozilla.org,I3YPneKM,876-496-7602,1
10,Happy,Tana,Ford,tfordd@dmoz.org,8oah0vh,753-416-6023,1
56,Friederike,Camilla,Meadus,cmeaduse@topsy.com,21GPr6JsZ6K,800-221-2907,1
45,Gussy,Benedikta,Seignior,bseigniorf@ed.gov,ChEuLIlA,903-164-5036,0
45,Dannel,Ester,Gabel,egabelg@constantcontact.com,7Mbx22BYcrUP,299-526-0487,1
89,Loy,Peria,Thorowgood,pthorowgoodh@patch.com,AE9Giwu7n6pq,684-413-5220,1
56,Danny,Kerrin,McVaugh,kmcvaughi@psu.edu,zijayXWq,827-345-2671,1
89,Daryn,Lucia,Sayers,lsayersj@netscape.com,mNYTRgZavVs,204-259-7584,0
56,Olag,Antonia,McDowell,amcdowellk@ebay.co.uk,Vd2WeQ,188-754-4497,1
20,Callie,Barbee,Gusney,bgusneyl@ezinearticles.com,xSZHc3vaAUs,778-402-5993,0
45,Woody,Mavis,Jickells,mjickellsm@mtv.com,tOhhKb8,606-591-4755,0
20,Harlie,Kassi,Peeters,kpeetersn@123-reg.co.uk,16XeZxC3,219-465-8253,1
89,Shelli,Candida,Traske,ctraskeo@spiegel.de,L10Wbfw7,975-399-2544,0